{"columns":["strike","p"],"index":[0,1,2,3,4,5,6,7,8,9,10,11,12,13,14,15,16,17,18,19,20,21,22,23,24,25,26,27,28,29,30,31,32,33,34,35,36,37,38],"data":[[9664.0,0.0003714286],[9699.0,0.0005409091],[10158.0,0.0031502858],[10347.0,0.0000714286],[10597.0,0.0011258408],[10811.0,0.0070260823],[10815.0,0.0070779221],[10901.0,0.0019389971],[10942.0,0.0079383478],[10992.0,0.0012586081],[11292.0,0.0044482545],[11322.0,0.0071121545],[11430.0,0.0246659979],[11479.0,0.0124400516],[11550.0,0.0213675602],[11613.0,0.009862296],[11661.0,0.0185025169],[11686.0,0.0091933122],[11816.0,0.008520449],[12025.0,0.0150597514],[12110.0,0.005157659],[12119.0,0.0129135392],[12182.0,0.0457161993],[12516.0,0.0525404235],[12638.0,0.0681188299],[12665.0,0.0412916223],[12676.0,0.0564120749],[12729.0,0.054556754],[12876.0,0.0526085108],[12887.0,0.0590605417],[12899.0,0.079792263],[12974.0,0.0640924431],[13273.0,0.0540122784],[13716.0,0.0408640969],[13867.0,0.031786352],[14132.0,0.0314232272],[14250.0,0.0277887084],[14262.0,0.0281929153],[14331.0,0.031999367]]}