{"columns":["strike","p"],"index":[0,1,2,3,4,5,6,7,8,9,10,11,12,13,14,15,16,17,18,19,20,21,22,23,24,25,26,27,28,29,30,31,32,33,34,35,36,37,38],"data":[[9664.0,0.0007613858],[9699.0,0.0006928322],[10158.0,0.0029886919],[10347.0,0.0005484848],[10597.0,0.0024510573],[10811.0,0.0085271506],[10815.0,0.0098803252],[10901.0,0.001912987],[10942.0,0.010707154],[10992.0,0.0024854118],[11292.0,0.0056522478],[11322.0,0.0096998779],[11430.0,0.0283749806],[11479.0,0.0162284577],[11550.0,0.0245855977],[11613.0,0.0084472527],[11661.0,0.0272415501],[11686.0,0.0110761516],[11816.0,0.0115697858],[12025.0,0.0117743118],[12110.0,0.0084124209],[12119.0,0.0113288822],[12182.0,0.0569238306],[12516.0,0.0373805861],[12638.0,0.0712216218],[12665.0,0.0816415325],[12676.0,0.0628852808],[12729.0,0.084522516],[12876.0,0.0711577734],[12887.0,0.0465559938],[12899.0,0.0550244029],[12974.0,0.0351683569],[13273.0,0.0340068287],[13716.0,0.0312876816],[13867.0,0.025223648],[14132.0,0.023707511],[14250.0,0.0192357224],[14262.0,0.0243825736],[14331.0,0.0243271424]]}