{"columns":[248.0,255.0,260.0,268.0,270.0,272.0,273.0,276.0,277.0,278.0,280.0,283.0,285.0,286.0,290.0,292.0,293.0,294.0,295.0,296.0,298.0,301.0,302.0,304.0,306.0,307.0,311.0,312.0,313.0,314.0,315.0,316.0,318.0,319.0,320.0,322.0,325.0,326.0,328.0,330.0,332.0,333.0,334.0,335.0,338.0,339.0,340.0,341.0,348.0,358.0,363.0,366.0,367.0,382.0,383.0,384.0,386.0,415.0,416.0,419.0,423.0,424.0,426.0,427.0,428.0,429.0,431.0,432.0,433.0,434.0,435.0,436.0,437.0,440.0,441.0,443.0,444.0,445.0,447.0,448.0,449.0,450.0,451.0,452.0,453.0,455.0,457.0,458.0,460.0,462.0,480.0,484.0,487.0,488.0,489.0,490.0,492.0,496.0,497.0,504.0,508.0,509.0,510.0,511.0,512.0,514.0,515.0,516.0,520.0,524.0],"index":[0],"data":[[0.0204804695,0.0158890491,0.0231151194,0.0200345956,0.0201603141,0.0161958899,0.0339256954,0.0268338517,0.0232514889,0.0494793484,0.0989540424,0.1231838389,0.0699498369,0.090290166,0.0571819033,0.1064433701,0.0166490777,0.0560162335,0.0342163775,0.0522262235,0.0225579235,0.0044612679,0.0003106893,0.0045028706,0.005936395,0.0,0.0,0.0003690476,0.0,0.0,0.0,0.000545671,0.0,0.0,0.0,0.0,0.0005108225,0.0,0.0000952381,0.0017171094,0.0013440964,0.0,0.0001843137,0.0,0.0,0.0011972887,0.0017903743,0.0,0.0,0.0,0.0,0.0,0.0,0.0,0.0,0.0,0.0,0.0,0.0,0.0,0.0,0.0,0.0,0.0,0.0,0.0,0.0,0.0,0.0,0.0,0.0,0.0,0.0,0.0,0.0,0.0,0.0,0.0,0.0,0.0,0.0,0.0,0.0,0.0,0.0,0.0,0.0,0.0,0.0,0.0,0.0,0.0,0.0,0.0,0.0,0.0,0.0,0.0,0.0,0.0,0.0,0.0,0.0,0.0,0.0,0.0,0.0,0.0,0.0,0.0]]}